row_id,rule_violation
2029,0.37240416014296945
2030,0.5751175139811942
2031,0.48888091294688896
2032,0.6055034701699374
2033,0.4921874893922986
2034,0.4113936597083526
2035,0.6031493128068381
2036,0.38410530785122426
2037,0.33389820356710137
2038,0.5261867820432328
