row_id,rule_violation
2029,0.20300779
2030,0.4708621
2031,0.66084445
2032,0.83235246
2033,0.63764405
2034,0.30868226
2035,0.8801248
2036,0.2830025
2037,0.25439748
2038,0.66216344
